i;t;RTFR ;Pop;RoadDensity
1;1;18,80;1534,2;251,00
1;2;18,50;1538,5;600,11
1;3;16,60;1542,5;638,55
1;4;17,50;1546;675,14
1;5;13,37;1549;703,69
2;1;21,20;1269,9;194,00
2;2;18,90;1259,1;280,19
2;3;20,90;1248,1;303,99
2;4;22,50;1237,8;306,57
2;5;19,85;1229,3;306,77
3;1;34,20;1436,5;314,00
3;2;31,50;1426,9;315,03
3;3;30,60;1417,5;329,55
3;4;31,60;1409,5;332,34
3;5;27,76;1401,4;335,63
4;1;24,40;2333,2;207,00
4;2;26,40;2330,9;302,79
4;3;25,30;2329,7;319,03
4;4;27,20;2330,1;323,21
4;5;23,28;2332,3;327,47
5;1;16,60;1057,1;248,00
5;2;17,80;1051,5;312,78
5;3;14,60;1046,1;332,60
5;4;14,70;1040;339,81
5;5;12,29;1033,4;332,94
6;1;33,40;1008,7;307,00
6;2;36,50;1006,9;312,34
6;3;30,70;1005,1;318,29
6;4;37,50;1007,5;318,61
6;5;26,53;1010,1;321,35
7;1;15,20;664,1;92,00
7;2;12,10;660,3;111,59
7;3;13,70;657,6;127,29
7;4;14,50;655,4;130,23
7;5;13,17;652,9;132,83
8;1;23,60;1123,6;247,00
8;2;27,40;1120,4;336,09
8;3;23,40;1119,1;345,35
8;4;23,50;1118,2;351,83
8;5;21,82;1118,7;356,73
9;1;24,60;1169;264,00
9;2;23,30;1164,1;482,23
9;3;22,60;1161,1;507,48
9;4;24,40;1158,9;513,53
9;5;18,32;1157;520,14
11;1;26,90;783,4;234,00
11;2;23,10;778,5;336,17
11;3;18,20;772,9;358,29
11;4;22,90;767,6;363,39
11;5;19,29;762,5;363,73
12;1;32,90;1150,1;203,00
12;2;32,30;1146,5;227,70
12;3;26,90;1142,7;257,84
12;4;28,70;1138,1;260,57
12;5;25,78;1132,8;264,30
13;1;28,30;981,7;181,00
13;2;22,40;977,8;266,05
13;3;26,00;971,5;277,72
13;4;25,80;966,3;279,30
13;5;19,02;961,7;283,20
14;1;19,50;1086,1;191,00
14;2;23,00;1079,2;258,52
14;3;21,60;1072,3;284,30
14;4;23,50;1065,7;285,52
14;5;19,12;1056,4;282,00
15;1;23,30;1346,2;186,00
15;2;22,50;1338,2;210,94
15;3;23,20;1329,7;230,19
15;4;26,20;1320,2;243,90
15;5;20,85;1309,9;248,31
16;1;27,10;1547,5;224,00
16;2;25,10;1538,5;364,19
16;3;24,00;1527;389,23
16;4;25,60;1517,5;392,70
16;5;24,24;1510;394,62
17;1;22,40;1271;196,00
17;2;22,30;1271,3;256,41
17;3;20,60;1271,7;262,46
17;4;21,70;1271,7;263,89
17;5;18,32;1271,8;265,41
19;1;16,10;641,1;37,00
19;2;17,20;638,3;44,05
19;3;17,10;635,7;46,21
19;4;15,00;633,5;46,96
19;5;14,73;631,2;47,14
20;1;14,00;894,5;14,00
20;2;15,10;885,2;14,22
20;3;15,10;876,4;15,02
20;4;16,20;868,2;15,36
20;5;14,53;860,6;15,52
22;1;17,90;1176,9;26,61
22;2;18,40;1165,3;27,97
22;3;16,72;1154,1;29,25
22;4;18,60;1144,4;29,21
22;5;11,98;1135,1;29,47
23;1;18,10;1199,9;82,00
23;2;17,30;1197,4;101,30
23;3;16,70;1194,8;114,16
23;4;15,70;1192,2;118,26
23;5;11,60;1189,3;117,78
24;1;19,00;944,3;427,00
24;2;20,30;950,8;440,36
24;3;18,00;958,9;492,00
24;4;17,00;966;511,40
24;5;17,27;972,7;513,07
25;1;37,20;1726,2;137,00
25;2;36,80;1742,5;180,35
25;3;36,10;1757,5;210,81
25;4;39,80;1769,7;211,53
25;5;34,37;1777,2;207,11
26;1;10,60;791;20,00
26;2;10,80;784,2;22,57
26;3;7,60;775,7;22,63
26;4;10,70;768,7;22,70
26;5;7,33;764,2;22,88
27;1;36,60;631,3;177,00
27;2;34,40;627,8;191,63
27;3;29,00;624,2;202,06
27;4;32,10;620,6;196,32
27;5;27,38;617,2;198,02
28;1;38,30;669,1;230,00
28;2;37,20;664,2;271,95
28;3;33,10;659;287,41
28;4;33,50;653,8;291,69
28;5;27,89;648,8;299,33
30;1;26,50;441,2;556,00
30;2;25,00;443,5;561,50
30;3;27,40;445,4;564,41
30;4;25,00;447,8;563,63
30;5;29,09;450,3;563,44
31;1;34,10;287,8;40,00
31;2;34,70;285,4;43,06
31;3;36,70;283,1;45,55
31;4;34,10;281,3;47,30
31;5;33,25;279,6;46,80
32;1;22,40;5257,2;296,00
32;2;22,40;5307,3;419,08
32;3;25,10;5367,2;427,69
32;4;25,50;5428,8;437,55
32;5;20,64;5483,6;447,03
33;1;18,60;1012,4;75,00
33;2;16,60;1014,4;80,55
33;3;16,50;1015,2;83,90
33;4;15,30;1018,9;87,07
33;5;13,44;1020;88,08
34;1;17,50;2601,2;119,00
34;2;16,70;2588,9;134,16
34;3;17,20;2576;139,71
34;4;17,20;2563,3;140,28
34;5;13,52;2551,7;140,87
35;1;19,10;4267,9;139,00
35;2;19,30;4257,6;202,27
35;3;18,40;4250,1;258,28
35;4;21,00;4243,8;259,75
35;5;15,95;4239;261,41
36;1;19,40;2922,3;384,00
36;2;17,40;2938,2;371,30
36;3;16,30;2955;370,00
36;4;16,30;2977,1;370,20
36;5;16,52;3003;396,78
38;1;27,50;859,4;472,00
38;2;24,70;859;528,88
38;3;24,00;858,7;544,74
38;4;21,60;859,6;564,88
38;5;19,50;861,5;564,83
39;1;26,90;476,1;254,00
39;2;28,10;473,2;296,85
39;3;27,80;470,8;331,15
39;4;30,00;469,5;334,32
39;5;27,54;468,4;340,78
40;1;21,50;710,8;437,00
40;2;22,00;707,6;663,18
40;3;18,60;705,1;695,94
40;4;20,30;704,6;697,18
40;5;16,89;704,5;691,35
42;1;17,70;2786,3;146,00
42;2;18,10;2788,9;232,45
42;3;18,70;2792,6;257,70
42;4;20,00;2797;263,62
42;5;17,14;2800,6;267,15
43;1;17,80;4068,2;165,00
43;2;17,40;4062,6;189,93
43;3;17,40;4065,3;206,46
43;4;17,30;4070,8;259,61
43;5;14,83;4071,5;295,97
44;1;16,60;693,9;154,00
44;2;21,80;691,4;194,72
44;3;21,00;689,5;205,09
44;4;19,60;688,1;209,03
44;5;14,71;686,7;209,94
45;1;21,50;829,4;193,00
45;2;26,60;822;255,97
45;3;24,20;815,4;268,46
45;4;24,90;810,5;275,63
45;5;18,93;808,2;282,97
46;1;18,30;3795,3;321,00
46;2;18,20;3812,6;412,99
46;3;18,50;3830,1;406,17
46;4;16,00;3846,6;416,30
46;5;12,74;3861,9;422,65
47;1;19,40;1519,2;225,00
47;2;17,70;1517,9;229,26
47;3;17,00;1517,4;237,59
47;4;16,60;1517,3;239,56
47;5;13,77;1517,3;243,29
48;1;20,90;1248,8;321,00
48;2;21,30;1245,2;400,63
48;3;20,40;1241,7;405,27
48;4;19,80;1239;409,05
48;5;16,81;1237,4;410,47
49;1;21,70;2632,3;76,00
49;2;22,60;2632,7;117,96
49;3;22,80;2635,3;124,30
49;4;17,80;2636,6;128,28
49;5;15,97;2635,7;130,36
50;1;19,80;1333,3;85,00
50;2;18,20;1323,5;113,26
50;3;17,40;1315;114,34
50;4;18,00;1307,6;113,72
50;5;14,76;1300,9;113,79
51;1;20,90;3302,3;199,00
51;2;21,40;3293,4;279,70
51;3;22,10;3285,7;287,90
51;4;20,50;3275,8;289,62
51;5;15,99;3265,2;289,96
52;1;18,10;2027,6;110,00
52;2;18,30;2019,9;159,82
52;3;17,60;2012,3;166,53
52;4;20,90;2004,8;168,14
52;5;17,67;1997,9;167,39
53;1;22,10;1380,3;156,00
53;2;21,60;1372,6;275,39
53;3;20,40;1364,6;265,47
53;4;18,80;1358,1;278,66
53;5;17,23;1352,2;285,87
54;1;15,30;3214,7;235,00
54;2;18,40;3213,7;273,97
54;3;18,00;3212,3;283,68
54;4;16,60;3212;301,20
54;5;13,40;3209,3;304,49
55;1;17,70;2514;115,00
55;2;17,50;2506;171,03
55;3;16,80;2499,9;175,59
55;4;16,90;2494,8;173,23
55;5;14,54;2490,3;178,77
56;1;18,00;1286,3;166,00
56;2;16,60;1278,3;180,04
56;3;19,00;1271;215,00
56;4;17,60;1265,1;221,00
56;5;15,56;1260,1;237,36
57;1;23,90;902,5;109,00
57;2;26,40;891;126,52
57;3;29,60;881,5;128,72
57;4;26,70;873,5;129,71
57;5;22,87;865,9;131,67
58;1;17,40;4302,4;66,00
58;2;19,40;4311,7;93,16
58;3;15,70;4318,2;116,57
58;4;14,70;4324,1;121,09
58;5;12,06;4328,7;122,70
61;1;22,90;1352,4;51,41
61;2;27,70;1373,3;82,02
61;3;24,80;1397,2;81,86
61;4;19,20;1419,3;82,87
61;5;15,81;1442;83,83
62;1;17,40;3477,9;111,00
62;2;18,40;3482,7;111,42
62;3;18,00;3487,7;186,71
62;4;18,10;3493,6;190,37
62;5;15,38;3499;194,70
63;1;28,90;207,5;33,00
63;2;40,10;209,4;44,37
63;3;28,40;211;45,49
63;4;24,00;212,7;46,66
63;5;27,04;214,4;48,48
64;1;27,30;971,5;20,00
64;2;24,40;971,6;23,06
64;3;24,40;972,8;24,45
64;4;21,10;976,2;24,49
64;5;16,63;980,4;25,84
66;1;25,40;532,2;46,00
66;2;28,00;532,6;75,25
66;3;22,50;533,6;79,66
66;4;22,60;534,9;87,76
66;5;21,63;536,3;87,02
67;1;17,90;2412,3;208,00
67;2;16,90;2403;221,29
67;3;16,20;2394,7;227,80
67;4;14,60;2387,7;224,33
67;5;13,15;2380,8;220,66
68;1;25,30;1102,8;34,00
68;2;25,20;1097,3;34,01
68;3;23,40;1092,8;33,19
68;4;27,20;1088,9;34,14
68;5;19,63;1085,2;33,54
69;1;22,50;2833,7;11,00
69;2;21,80;2842,4;11,18
69;3;21,60;2849,6;11,39
69;4;21,00;2855,8;11,44
69;5;19,81;2862,7;11,63
70;1;22,10;2426,2;20,00
70;2;21,80;2423,2;28,26
70;3;21,80;2420,2;28,85
70;4;20,50;2416,6;29,33
70;5;19,85;2413,9;29,97
71;1;20,20;2756,1;96,00
71;2;20,50;2746,6;145,35
71;3;20,10;2738,3;170,51
71;4;18,30;2729,6;176,13
71;5;15,99;2721,3;173,51
72;1;17,40;2676,6;66,00
72;2;16,80;2698,2;89,61
72;3;19,30;2720,3;99,01
72;4;16,50;2739;101,99
72;5;13,07;2754,5;109,06
73;1;15,10;1975,7;76,00
73;2;19,00;1974,4;96,57
73;3;16,20;1973,9;96,47
73;4;13,90;1976;98,06
73;5;13,09;1978,3;97,88
74;1;17,30;1053,1;14,00
74;2;11,90;1061;22,16
74;3;13,40;1067,2;22,60
74;4;12,00;1072,3;23,67
74;5;10,04;1075,6;23,83
75;1;16,40;957;2,70
75;2;14,00;955,7;3,33
75;3;16,30;955,2;3,58
75;4;14,60;955,9;3,69
75;5;12,42;958,3;3,80
77;1;24,40;1952;51,00
77;2;25,50;1948,9;87,55
77;3;22,00;1942,9;88,99
77;4;20,20;1935,9;89,33
77;5;15,64;1931,1;93,42
78;1;18,30;1342,7;7,50
78;2;17,40;1342,3;8,00
78;3;16,00;1341;10,73
78;4;13,50;1339,1;11,85
78;5;14,67;1336,5;12,39
79;1;23,80;825,1;23,00
79;2;23,40;819,3;29,65
79;3;23,20;814,1;30,29
79;4;21,00;810,6;31,34
79;5;18,82;807,8;34,14
80;1;23,10;155,5;4,70
80;2;31,90;153,4;5,28
80;3;21,10;151,4;5,15
80;4;19,40;149,2;5,26
80;5;20,38;147,2;5,33